EN Name,[TBD] Name
"Black Onyx II, The - Search for the Fire Crystal (Japan)",
"Black Onyx, The (Japan)",
"Brain, The (Japan)",
"Castle, The (Japan)",
"Chess Game, The (Europe)",
"Cockpit, The (Japan)",驾驶舱
"Dam Busters, The (Japan) (Alt 1)",
"Dam Busters, The (Japan)",
"Demon Crystal, The (Japan)",
"Designer's Pencil, The (Europe) (Program)",
"Eidolon, The (Europe)",精灵
"Empereur, L' (Japan)",皇帝
"Fairy Land Story, The (Japan) (Alt 1)",
"Fairy Land Story, The (Japan)",
"Flics, Les (France)",
"Gekitotsu Pennant Race - Pro Yakyuu, The (Japan) (Alt 2)",激突棒球
"Gekitotsu Pennant Race - Pro Yakyuu, The (Japan) (Alt 3)",激突棒球
"Gekitotsu Pennant Race - Pro Yakyuu, The (Japan) (Alt)",激突棒球
"Gekitotsu Pennant Race - Pro Yakyuu, The (Japan)",激突棒球
"Goonies, The (Japan) (Alt 1)",
"Goonies, The (Japan) (Alt 2)",
"Goonies, The (Japan)",
"Heist, The (Japan)",
"Kage no Densetsu - Legend of Kage, The (Japan) (Alt 1)",
"Kage no Densetsu - Legend of Kage, The (Japan)",
"Keiba, The (Japan) (Program)",
"King's Valley (Japan, Europe) (Alt 1)",
"King's Valley (Japan, Europe) (Alt 2)",
"King's Valley (Japan, Europe) (Alt 3)",
"King's Valley (Japan, Europe) (Alt 4)",
"King's Valley (Japan, Europe)",
"King's Valley II (Japan, Europe)",
"Light Corridor, The (Europe)",
"Links, The (Japan) (NGA II) (Program) (Alt 1)",
"Links, The (Japan) (NGA II) (Program)",
"Links, The (Japan) (Program)",
"Maison Ikkoku - Kanketsu Hen - Sayonara, Soshite... (Japan)",相聚一刻完结篇
"Mitsumega Toohru - Three-Eyed One Comes Here, The (Japan)",
"Nemesis (Japan, Europe) (Alt 1)",
"Nemesis (Japan, Europe)",
"Nemesis 2 (Japan, Europe) (Alt 1)",
"Nemesis 2 (Japan, Europe) (Beta)",
"Nemesis 2 (Japan, Europe)",
"Nemesis 3 - The Eve of Destruction (Japan, Europe) (Alt 1)",
"Nemesis 3 - The Eve of Destruction (Japan, Europe) (Alt 2)",
"Nemesis 3 - The Eve of Destruction (Japan, Europe)",
"Penguin Adventure (Japan, Europe)",
"Police Story, The (Japan) (Alt 1)",
"Police Story, The (Japan)",
"Price of Magik, The (Europe)",
"Protector, The (Japan)",
"Return of Ishtar, The (Japan)",伊师塔回归
"Spider, The (Japan)",
"Stone of Wisdom, The (Japan)",
"Treasure of Usas, The (Japan, Europe) (En) (Alt)",友萨斯
"Treasure of Usas, The (Japan, Europe) (En)",友萨斯
"Vampire Killer (Japan, Europe) (En) (Alt 2)",恶魔城
"Vampire Killer (Japan, Europe) (En) (Alt 3)",恶魔城
"Vampire Killer (Japan, Europe) (En) (Alt)",恶魔城
"Vampire Killer (Japan, Europe) (En)",恶魔城
"Wreck, The (Europe)",
10-Yard Fight (Japan) (Alt 1),
10-Yard Fight (Japan),
1942 (Japan) (Alt 1),
1942 (Japan),
1942 (Japan),1942
3-D Golf Simulation (Japan) (Alt 1),
3-D Golf Simulation (Japan) (High Speed),
3-D Golf Simulation (Japan),
3D Tennis (Japan),
A Ressha de Ikou MSX (Japan),A列车
A.E. (Japan),
A1 Spirit - The Way to Formula-1 (Japan),
AcroJet (Japan),特技飞行
Actman (Japan) (Alt 1),
Actman (Japan),
Adven' Chuta! (Japan),
Akumajo Dracula (Japan) (Wii U Virtual Console),恶魔城
Albatros (Japan) (Alt 1),
Albatros (Japan),
Alcazar - The Forgotten Fortress (Japan) (Alt 1),
Alcazar - The Forgotten Fortress (Japan),
Aleste (Japan),银河号
Alges no Yoku (Japan),阿鲁吉苏之翼
Alibaba and 40 Thieves (Japan) (Alt 1),
Alibaba and 40 Thieves (Japan) (Alt 2),
Alibaba and 40 Thieves (Japan),
Alien 8 (Japan) (Alt 1),
Alien 8 (Japan),
Aliens - Alien 2 (Japan) (Alt 1),
Aliens - Alien 2 (Japan) (Alt 2),
Aliens - Alien 2 (Japan),
Alpha Roid (Japan) (Alt 1),
Alpha Roid (Japan),
Alpha Squadron (Japan),
American Soccer (Japan),美国足球
American Truck (Japan) (Alt 1),
American Truck (Japan) (Alt 2),
American Truck (Japan),
Anaza - Kaleidoscope Special (Japan),
Angelo (Japan) (Alt 1),
Angelo (Japan),
Animal Land (Japan),
Antarctic Adventure (Europe) (Alt 1),
Antarctic Adventure (Europe),
Antarctic Adventure (Japan),
Anty (Japan) (Alt 1),
Anty (Japan),
Aoki Ookami to Shiroki Mejika - Genchou Hishi (Japan),苍狼与白鹿-元朝秘史
Aoki Ookami to Shiroki Mejika - Genghis Khan (Japan),苍狼与白鹿-成吉思汗
Aqua Polis SOS (Japan),
Aquattack (Japan),
Aramo (Japan),
Arctic - Active Rail Playing (Japan) (Alt),北极圈
Arctic - Active Rail Playing (Japan),北极圈
Arkanoid (Japan) (Alt 1),
Arkanoid (Japan) (Alt 2),
Arkanoid (Japan) (Alt 3),
Arkanoid (Japan),
Arkanoid II - Revenge of Doh (Japan),打砖块2
AshGuine - Densetsu no Seisenshi (Japan),灰色几内亚
AshGuine Story II - Kokuu no Gajou (Japan),灰色几内亚2-虚空之牙城
AshGuine Story III - Fukushuu no Honoo (Japan),灰色几内亚3-复仇之炎
Athletic Ball (Japan),
Athletic Land (Japan) (Alt 1),
Athletic Land (Japan) (Beta),
Athletic Land (Japan),
Attack Four Volley Ball (Japan),
B.C.'s Quest (Japan) (Alt 1),
B.C.'s Quest (Japan),
Back Gammon (Japan) (Alt 1),
Back Gammon (Japan),
Back to the Future (Japan) (Alt 1),
Back to the Future (Japan),
Backgammon (Europe),
Balance (Japan) (Alt 1),
Balance (Japan) (Alt 2),
Balance (Japan) (Alt 3),
Balance (Japan) (Alt 4),
Balance (Japan),
Banana (Japan),
Bank Panic (Japan) (Alt 1),
Bank Panic (Japan),
Basic Lessons 1 (Japan),
Basic Lessons 2 (Japan),
Batman (Japan),
Batten Tanuki no Daibouken (Japan) (Alt 1),
Batten Tanuki no Daibouken (Japan) (Alt 2),
Batten Tanuki no Daibouken (Japan) (v1.03),
Battle Cross (Japan),
Battleship Clapton II (Japan) (Alt 1),
Battleship Clapton II (Japan),
Beach-Head (Europe),
Beam Rider (Japan) (Alt 1),
Beam Rider (Japan),
Becky (Japan) (Alt 1),
Becky (Japan) (Alt 2),
Becky (Japan),
Bee & Flower (Japan) (Alt 1),
Bee & Flower (Japan) (Alt 2),
Bee & Flower (Japan),
Bifamu (Japan) (Alt 1),
Bifamu (Japan),
Binary Land (Japan),
Blagger MSX (Europe) (Converted from Tape),
Block Hole (Korea) (Unl),
Blockade Runner (Japan),
Boggy '84 (Japan) (Alt 1),
Boggy '84 (Japan) (Alt 2),
Boggy '84 (Japan),
Boing Boing (Spain),
Bokosuka Wars (Japan) (Alt 1),
Bokosuka Wars (Japan),
Bomber King (Japan),
Bomber Man (Japan),
Bomber Man Special (Japan),
Boogie Woogi Jungle (Japan) (Alt 1),
Boogie Woogi Jungle (Japan) (Alt 2),
Boogie Woogi Jungle (Japan),
Boomerang (Japan) (Alt 1),
Boomerang (Japan),
Borfesu (Japan),
Bosconian (Japan) (Alt 1),
Bosconian (Japan) (Alt 2),
Bosconian (Japan),
Bouken Roman - Dota (Japan) (Alt 1),
Bouken Roman - Dota (Japan),
Boulder Dash (Japan),
Bouncing Block (Spain) (Alt 1),
Bouncing Block (Spain),
Break In (Japan),
Break Out (Japan),
Brother Adventure (Korea) (Alt 1) (Unl),
Brother Adventure (Korea) (Unl),
Bruce Lee (Japan),
Bubble Bobble (Japan) (Alt),泡泡龙
Bubble Bobble (Japan),泡泡龙
Bubble Bobble (Korea) (Alt 1) (Unl),
Bubble Bobble (Korea) (Unl),
Burgertime (Japan),
Buru To Marty Kikiippatsu - Inspecteur Z (Japan),
Butam Pants (Japan) (Alt 1),
Butam Pants (Japan) (Alt 2),
Butam Pants (Japan),
C-So! (Japan),
Cabbage Patch Kids (Japan) (Alt 1),
Cabbage Patch Kids (Japan),
Candoo Ninja (Japan) (Alt 1),
Candoo Ninja (Japan),
Cannon Ball (Japan) (Alt 1),
Cannon Ball (Japan),
Cannon Fighter (Japan),
Captain Chef (Japan),
Car Fighter (Japan),
Car Jamboree (Japan) (Alt 1),
Car Jamboree (Japan),
Car-Race (Japan) (Alt 1),
Car-Race (Japan) (Alt 2),
Car-Race (Japan),
Casio Daishogai Keiba (Japan),
Casio Pachinko-U.F.O. (Japan),
Casio Ski Command (Japan) (Alt 1),
Casio Ski Command (Japan),
Casio Worldopen (Japan),
Castle Excellent (Japan) (Alt 1),
Castle Excellent (Japan),
Chack'n Pop (Japan) (Alt 1),
Chack'n Pop (Japan),
Challenge Derby (Japan),
Champion Boxing (Japan),
Champion Ice Hockey (Japan),
Champion Kendou (Japan) (Alt 1),
Champion Kendou (Japan),
Champion Pro Wrestling (Japan) (Alt 1),
Champion Pro Wrestling (Japan) (Alt 2),
Champion Pro Wrestling (Japan),
Champion Soccer (Japan),
Championship Lode Runner (Japan),
Checkers in Tantan Tanuki (Japan),
Cheese (Japan) (Program),
Cheese 2 (Japan) (Program),起司画板2
Chess (Japan),
Choplifter (Japan) (Alt 1),
Choplifter (Japan) (Alt 2),
Choplifter (Japan),
Choro Q (Japan) (Alt 1),
Choro Q (Japan),
Chugaku Hisshu Eibunpo 1 (Japan),
Circus Charlie (Japan),
City Connection (Japan) (Alt 1),
City Connection (Japan),
Coaster Race (Japan) (Alt 1),
Coaster Race (Japan) (Alt 2),
Coaster Race (Japan),
Color Ball (Japan) (Alt 1),
Color Ball (Japan) (Alt 2),
Color Ball (Japan),
Columns (Japan),
Come On! Picot (Japan),
Comecocos (Spain),
Comet Tail (Japan),
Comic Bakery (Japan) (Alt 1),
Comic Bakery (Japan) (Alt 2),
Comic Bakery (Japan),
Computer Billiards (Japan),
Computer Nyuumon - Computer Lessons (Japan),
Computer Othello (Japan) (Alt 1),
Computer Othello (Japan),
Computer Pachinko (Japan),
Con-Dori (Japan) (Alt 1),
Con-Dori (Japan) (Alt 2),
Con-Dori (Japan),
Confused (Europe),
Contra (Japan) (Wii U Virtual Console),魂斗罗
Cosmo (Japan) (Alt 1),
Cosmo (Japan),
Cosmo-Explorer (Japan) (Alt 1),
Cosmo-Explorer (Japan),
Courageous Perseus (Japan) (Alt 1),
Courageous Perseus (Japan),
Craze (Japan),
Crazy Bullet (Japan) (Alt 1),
Crazy Bullet (Japan),
Crazy Cars (Europe),
Crazy Train (Japan) (Alt 1),
Crazy Train (Japan),
Crimson (Japan),克里缪中
Cross Blaim (Japan),
Crusader (Japan) (Alt 1),
Crusader (Japan) (Alt 2),
Crusader (Japan),
D-Day (Japan) (Alt 1),
D-Day (Japan) (Alt 2),
D-Day (Japan) (Alt 3),
D-Day (Japan),
DX7 Voicing Program (Japan) (Program),
Daidasso (Japan),
Daikoukai Jidai (Japan),大航海时代
Daisenryaku (Japan),大战略
Daiva Story 4 - Asura's Bloodfeud (Japan),
Danger X4 (Japan) (Alt 1),
Danger X4 (Japan) (Alt 2),
Danger X4 (Japan),
Darwin 4078 (Japan) (Alt 2),达尔文4078
Darwin 4078 (Japan) (Alt),达尔文4078
Darwin 4078 (Japan),达尔文4078
David II (Japan),
Dawn Patrol (Japan),
Decathlon (Japan) (Alt 1),
Decathlon (Japan),
Deep Dungeon (Japan),
Deep Dungeon II (Japan),
Deep Forest (Japan) (Alt),森林物语
Deep Forest (Japan),森林物语
Demonia I (Europe),
Devil's Heaven (Japan),
Dig Dug (Japan) (Alt 1),
Dig Dug (Japan),
Digital Devil Monogatari Megami Tensei (Japan) (Alt 1),
Digital Devil Monogatari Megami Tensei (Japan),
Dip Dip (Spain),
Dires - Giger Loop (Japan),迪勒斯
Doki Doki Penguin Land (Japan) (Alt 1),
Doki Doki Penguin Land (Japan),
Doordoor (Japan),
Dorodon (Japan),
Double Dragon (Korea) (Unl),
Double Vision (Japan),美少女写真馆2合1
Dr. Copy (Japan),
Dragon Attack (Japan) (Alt 1),
Dragon Attack (Japan),
Dragon Buster (Japan),屠龙战记
Dragon Quest (Japan),
Dragon Quest (Japan),勇者斗恶龙1
Dragon Quest II (Japan) (Alt 1),
Dragon Quest II (Japan) (Alt),勇者斗恶龙2
Dragon Quest II (Japan),
Dragon Quest II (Japan),勇者斗恶龙2
Dragon Slayer (Japan),
Dragon Slayer II - Xanadu (Japan),
Dragon Slayer IV - Drasle Family (Japan) (Alt),屠龙者4
Dragon Slayer IV - Drasle Family (Japan),
Dragon Slayer IV - Drasle Family (Japan),屠龙者4
Dragon Slayer Jr. - Romancia (Japan),
Dragon Slayer Jr. - Romancia (Japan),爱的罗曼史
Drainer (Japan),
Druaga no Tou (Japan),
Druid (Japan) (Alt),德鲁伊
Druid (Japan),德鲁伊
Dungeon Hunter (Japan),
Dungeon Master (Japan),
Dunk Shot (Japan) (Alt 1),
Dunk Shot (Japan),
Dynamite Bowl (Japan) (Alt),爆烈保龄球
Dynamite Bowl (Japan),
Dynamite Bowl (Japan),爆烈保龄球
Eagle Fighter (Japan) (Alt 1),
Eagle Fighter (Japan),
Eddy 2 (Japan) (Program) (Alt 1),
Eddy 2 (Japan) (Program),
Eggerland Mystery (Japan),
Eiwa Jiten - English Japanese (Japan) (Program),
Elevator Action (Japan),
Elthlead (Japan),艾尔斯里德
Erika (Japan),
Europe Sensen (Japan),欧陆战线
Exa Innova (Japan) (Alt 1),
Exa Innova (Japan),
Exchanger (Japan) (Alt 1),
Exchanger (Japan),
Exerion (Japan) (Alt 1),
Exerion (Japan) (Alt 2),
Exerion (Japan),
Exerion II - Zorni (Japan) (Alt 1),
Exerion II - Zorni (Japan),
Exoide-Z (Japan) (Alt 1),
Exoide-Z (Japan) (Alt 2),
Exoide-Z (Japan),
Exoide-Z Area 5 (Japan),
F-1 Spirit - The Way to Formula-1 (Japan) (Alt 1),
F-1 Spirit - The Way to Formula-1 (Japan),
F-15 Strike Eagle (Japan),F15打击之鹰
F16 Fighting Falcon (Japan),
FB-01 Voicing Program (Japan) (Program),
FM Music Composer (Japan) (Program),
FM Music Composer II (Japan) (Program),
FM Music Macro (Japan) (Program),
FM Pana Amusement Cartridge (Japan) (Program),
FM Voicing Program (Japan) (Program),
Fa Tetris (Korea) (Unl),
Fairy (Japan),
Famicle Parodic (Japan),家庭战机
Family Automation Language Community (Japan) (Program),
Family Billiards (Japan),家庭桌球
Family Boxing - MSX Title Match (Japan),家庭拳击
Fandom Library #1 (Japan),
Fandom Library #2 (Japan),
Fandom Library #3 (Japan),
Fantasy Zone (Japan),
Fantasy Zone II - The Tears of Opa-Opa (Japan) (Alt),幻想地带2
Fantasy Zone II - The Tears of Opa-Opa (Japan),幻想地带2
Farm Kit (Europe) (Program),
Fathom (Japan),
Final Justice (Japan) (Alt 1),
Final Justice (Japan) (Alt 2),
Final Justice (Japan),
Final Mahjong (Japan),
Final Mystery Murder Club - Satsujin Club (Japan),杀人俱乐部
Final Zone Wolf (Japan),
Fire Ball (Japan),火球
Fire Rescue (Japan) (Alt 1),
Fire Rescue (Japan),
Flappy (Japan) (Alt 1),
Flappy (Japan),
Flappy - Limited 85 (Japan),
Flash Point (Korea) (Alt 1) (Unl),
Flash Point (Korea) (Unl),
Flash Splash (Japan),
Fleet Commander II - Koukon no Kaiiki (Japan),舰队指挥官2-黄昏之海域
Flicky (Japan),
Flight Deck (Japan) (Alt 1),
Flight Deck (Japan),
Flight Simulator (Japan),
Flipper Slipper (Japan) (Alt 1),
Flipper Slipper (Japan),
Formation Z (Japan) (Alt 1),
Formation Z (Japan),
Frogger (Japan) (Alt 1),
Frogger (Japan),
Front Line (Japan) (Alt 1),
Front Line (Japan) (Alt 2),
Front Line (Japan),
Fruit Search (Japan) (Alt 1),
Fruit Search (Japan),
Funky Mouse (Japan),
Futbol (Spain),
Fuun Takeshijyou (Japan),
GP World (Japan),
Gakuen Monogatari - High School Story (Japan),高校物语
Galaga (Japan) (Alt 1),
Galaga (Japan) (Alt 2),
Galaga (Japan) (Alt 3),
Galaga (Japan),
Galaxian (Japan) (Alt 1),
Galaxian (Japan) (Alt 2),
Galaxian (Japan),
Gall Force - Defense of Chaos (Japan) (Alt 1),
Gall Force - Defense of Chaos (Japan) (Alt 2),
Gall Force - Defense of Chaos (Japan),
Gambler Jiko Chuushinha (Japan),
Gambler Jiko Chuushinha 2 - Jishou! Kyougou Janshi Hen (Japan),自己中心派2-自称!强豪雀士篇
Game Land (Japan),
Game Master (Europe) (Alt 1),
Game Master (Europe),
Game Master (Japan) (Alt 1),
Game Master (Japan),
Game Master II (Japan) (Alt 1),
Game Master II (Japan),
Game World - 126 Games (Korea) (Unl),
Ganbare Goemon! - Karakuri Douchuu (Japan) (Wii U Virtual Console),大盗伍佑卫门
Gang Master (Japan),
Garakuta (Japan),画乐多
Garyuu Ou (Japan) (Alt),牙龙王
Garyuu Ou (Japan),牙龙王
Gate of Labyrinth (Japan),
Gekitotsu Pennant Race 2 (Japan) (English Menu),激突棒球2
Gekitotsu Pennant Race 2 (Japan),激突棒球2
Genghis Khan (Japan),
Ghostbusters (Europe),
Girly Block (Japan),格里战士
Glider (Japan) (Alt 1),
Glider (Japan),
Gojira vs 3 Daikaijuu (Japan) (Alt 1),
Gojira vs 3 Daikaijuu (Japan),
Gojira-kun (Japan) (Alt 1),
Gojira-kun (Japan),
Gokiburi Daisakusen - Bug Bomb (Japan),
Golf Game (Japan),
Golvellius (Japan),
Gomok Narabe - Omo Go (Japan) (Alt 1),
Gomok Narabe - Omo Go (Japan),
Green Beret (Europe) (Alt 1),
Green Beret (Europe),
Grog's Revenge (Japan) (Alt 1),
Grog's Revenge (Japan),
Guardic (Japan) (Alt 1),
Guardic (Japan),
Gulkave (Japan) (Alt 1),
Gulkave (Japan),
Gun Fright (Japan),
Gunjin Shougi Mars (Japan),
Gyrodine (Japan),
H.E.R.O. (Japan),
Hacker (Japan),黑客
Hades no Monsho (Japan) (Alt 1),
Hades no Monsho (Japan),
Hafanuda Koi Koi - Gostop Godori (Japan),
Hai no Majutsushi (Japan),牌之魔术师
Haja No Fuin (Japan),
Hal Note (Japan),海尔日记本
Han Seimei Senki Andorogynus (Japan) (Alt),反生命战机
Han Seimei Senki Andorogynus (Japan),反生命战机
Hanafuta (Japan),
Hang-On (Japan) (Alt 1),
Hang-On (Japan) (Alt 2),
Hang-On (Japan),
Harapeko Pakkun (Japan),
Hard Ball (Japan),硬式棒球
Harryfox MSX Special (Japan),
Harryfox Yki No Maoh (Japan),
Haunted Boynight (Japan),
Heavy Boxing (Japan) (Alt 1),
Heavy Boxing (Japan),
Helitank (Japan),
Heroes of the Lance (Japan),长枪英雄
Higemaru Makai Shima - Nanatsu no Shima Daibouken (Japan),魔界岛-七岛大冒险
High School! Kimengumi (Japan),高校奇面组
High Way Star (Japan),
High Way Star (Korea),
Hinotori - Houou Hen (Japan) (Alt 2),火之鸟-凤凰篇
Hinotori - Houou Hen (Japan) (Alt),火之鸟-凤凰篇
Hinotori - Houou Hen (Japan),火之鸟-凤凰篇
Hisya (Japan),
Hitsuji Yai - Preety Sheep (Japan),
Hole in One (Japan) (Alt 1),
Hole in One (Japan) (Alt 2),
Hole in One (Japan) (Alt 3),
Hole in One (Japan),
Hole in One Professional (Japan) (Alt 1),
Hole in One Professional (Japan),
Hole in One Special (Japan) (Alt),一杆高尔夫-特别版
Hole in One Special (Japan),一杆高尔夫-特别版
Home Calc (Japan) (Program),
Home Writer (Japan) (Program),
Honkball (Japan),
Hopper (Europe),
Hudson 3D Golf (Japan) (Alt 1),
Hudson 3D Golf (Japan),
Hustle! Chumy (Japan) (Alt 1),
Hustle! Chumy (Japan),
Hydlide (Japan),
Hydlide 3 - The Space Memories (Japan),
Hydlide 3 - The Space Memories (Japan),梦幻仙境3-记忆空间
Hydlide II - Shine of Darkness (Japan) (Alt 1),
Hydlide II - Shine of Darkness (Japan),
Hyper Olympic 1 (Japan),
Hyper Olympic 2 (Japan),
Hyper Rally (Japan) (Alt 1),
Hyper Rally (Japan) (Alt 2),
Hyper Rally (Japan) (Alt 3),
Hyper Rally (Japan),
Hyper Sports 1 (Japan) (Alt 1),
Hyper Sports 1 (Japan),
Hyper Sports 2 (Japan),
Hyper Sports 3 (Japan) (Alt 1),
Hyper Sports 3 (Japan) (Alt 2),
Hyper Sports 3 (Japan),
Ice World (Japan),
Ide Yousuke Meijin no Jissen Mahjong (Japan),井出洋介实战麻雀
Iga Ninpouten - Small Ninja (Japan),
Iga Ninpouten 2 - Small Ninja 2 (Japan),
Ikari (Japan) (Alt),怒
Ikari (Japan),怒
Indian no Bouken (Japan),
Inemuriryuu Asada Tetsuya no A-kyuu Mahjong (Japan),阿位田哲也的A级麻将
Inindou - Datou Nobunaga (Japan),伊忍道-打倒信长
Iriegas (Japan),
Iriegas - Theseus (Japan) (Alt 1),
Iriegas - Theseus (Japan),
Ishin no Arashi (Japan),维新之岚
Issunhoushi No Donnamondai (Japan) (Alt 1),
Issunhoushi No Donnamondai (Japan),
J.P. Winkle (Japan),
Jagur (Japan) (Alt 1),
Jagur (Japan),
Janka (Japan),
Jansei (Japan) (Alt),雀圣
Jansei (Japan),雀圣
Japanese MSX-Write (Japan) (Program),
Japanese MSX-Write II (Japan) (Program),日语写字板2
Jet Set Willy (Japan) (Alt 1),
Jet Set Willy (Japan),
Jigsaw Set (Japan),
Jissen - 4-nin Mahjong (Japan),
Jisyo Data (Japan) (Program),
Joytelop (Japan) (Program),
Jump (Japan),
Jump Coaster (Japan),
Jump Land (Japan),
Jumping Rabbit (Japan),
Juno First (Japan) (Alt 1),
Juno First (Japan),
Jyan Friend (Japan),
Jyankyo (Japan),
Jyanyuu (Japan),
Kakikukekon (Japan) (Program),
Karamaru (Japan),
Karuizawa (Japan),
Kempelen Chess (Japan),坎比林国际象棋
Keystone Kapers (Japan) (Alt 1),
Keystone Kapers (Japan),
Kick It (Japan) (Alt 1),
Kick It (Japan),
Kiki Kaikai (Japan),奇奇怪界
Kinasai (Japan) (Unl),
King & Balloon (Japan) (Alt 1),
King & Balloon (Japan),
King Knight (Japan) (Alt 1),
King Knight (Japan) (Alt 2),
King Knight (Japan),
King Kong 2 - Yomigaeru Densetsu (Japan),金刚2-苏生传说
Kinnikuman - Muscle Man (Japan) (Alt 1),
Kinnikuman - Muscle Man (Japan),
Kisei (Japan),棋圣
Kitahei (Japan),棋太平
Knight Lore (Japan),
Knightmare - Majou Densetsu (Japan) (Alt 1),
Knightmare - Majou Densetsu (Japan) (Alt 2),
Knightmare - Majou Densetsu (Japan),
Knightmare II - The Maze of Galious (Japan),
Knightmare III - Shalom (Japan),
Knither Special (Japan),
Konami's Baseball (Japan) (Alt 1),
Konami's Baseball (Japan),
Konami's Billiards (Europe),
Konami's Boxing (Japan) (Alt 1),
Konami's Boxing (Japan) (Alt 2),
Konami's Boxing (Japan),
Konami's Football (Europe) (Alt 1),
Konami's Football (Europe) (Alt 2),
Konami's Football (Europe),
Konami's Golf (Japan) (Alt 1),
Konami's Golf (Japan) (Alt 2),
Konami's Golf (Japan),
Konami's Mahjong (Japan),
Konami's Ping-Pong (Japan) (Alt 1),
Konami's Ping-Pong (Japan) (Alt 2),
Konami's Ping-Pong (Japan) (Alt 3),
Konami's Ping-Pong (Japan),
Konami's Soccer (Japan) (Alt 1),
Konami's Soccer (Japan) (Alt 2),
Konami's Soccer (Japan) (Alt 3),
Konami's Soccer (Japan),
Konami's Synthesizer (Japan) (Program),
Konami's Tennis (Japan) (Alt 1),
Konami's Tennis (Japan),
Koneko no Daibouken - Catboy (Japan),
Koronis Rift (Europe),卡洛尼斯裂痕
Kung Fu Acho (Japan) (Alt 1),
Kung Fu Acho (Japan),
Kung Fu Master (Japan) (Alt 1),
Kung Fu Master (Japan) (Alt 2),
Kung Fu Master (Japan),
Kung Fu Taigun (Japan) (Alt 1),
Kung Fu Taigun (Japan),
Labyrinth (Japan) (Alt),迷宫
Labyrinth (Japan),迷宫
Ladder Building (Japan),
Laptick 2 (Japan),
Le Mans 2 (Europe),
Legendly Knight (Korea) (Alt 1),
Legendly Knight (Korea),
Leonard (Spain),
Lode Runner (Japan) (Alt 1),
Lode Runner (Japan),
Lode Runner II (Japan),
Lord Over (Japan),
Lot Lot (Japan),
Lunar Ball (Japan),
Lupin Sansei - Babylon no Ougon Densetsu (Japan) (Alt),亚森罗平三世-巴比伦的黄金传说
Lupin Sansei - Babylon no Ougon Densetsu (Japan),亚森罗平三世-巴比伦的黄金传说
Lupin Sansei - Cagliostro no Shiro (Japan) (Alt),亚森罗平三世-卡里欧斯托罗之城
Lupin Sansei - Cagliostro no Shiro (Japan),亚森罗平三世-卡里欧斯托罗之城
M36 - A Life Planet (Japan),
MIDI Macro (Japan) (Program),
MSX 21 (Japan),
MSX Audio (Japan) (FS-CA1) (Program),
MSX Audio (Japan) (HX-MU900) (Program),
MSX Baseball (Japan) (Alt 1),
MSX Baseball (Japan),
MSX Baseball II National (Japan),
MSX Basic-kun (Japan) (Program),
MSX Basic-kun Plus (Japan) (Program),
MSX Bunsetsu Henkan Jisyo (Japan) (Program),
MSX Derby (Japan),
MSX Rugby (Japan),
MSX Soccer (Japan) (Alt 1),
MSX Soccer (Japan),
MSX-Aid (Japan) (Program),
MSX-Logo (Netherlands) (Program),
Mac Attack (Europe),
Machinegun Joe vs The Mafia (Japan),
Macross (Japan) (Alt 1),
Macross (Japan),
Mad Rider (Japan) (Alt),疯狂车手
Mad Rider (Japan),疯狂车手
Magical Kid Wiz (Japan) (Alt 1),
Magical Kid Wiz (Japan) (Alt 2),
Magical Kid Wiz (Japan),
Magical Tree (Japan) (Alt 1),
Magical Tree (Japan),
Magnum Prohibition 1931 (Japan) (Alt 1),
Magnum Prohibition 1931 (Japan),
Maison Ikkoku - Omoide no Photograph (Japan),相聚一刻
Malaya no Hibou (Japan),马来亚的秘宝
Manes (Japan) (Alt 1),
Manes (Japan) (Alt 2),
Manes (Japan),
Mappy (Japan) (Alt 1),
Mappy (Japan) (Alt 2),
Mappy (Japan),
Marchen Veil I (Japan),
Marine Battle (Japan),
Mars II (Japan),
Mashou no Tachi Goblin (Japan) (Alt 1),
Mashou no Tachi Goblin (Japan),
Master Chess (Europe),
Megalopolis SOS (Japan) (Alt 1),
Megalopolis SOS (Japan) (Alt 2),
Megalopolis SOS (Japan),
Meikyuu Shinwa (Japan) (Alt 1),
Meikyuu Shinwa (Japan),
Metal Gear (Europe),合金装备
Metal Gear (Japan),合金装备
Metal Gear 2 - Solid Snake (Japan) (Demo),合金装备2-固体蛇
Metal Gear 2 - Solid Snake (Japan),合金装备2-固体蛇
Midnight Brothers (Japan) (Alt 1),
Midnight Brothers (Japan),
Midnight Building (Japan),
Midway (Japan),
Mil Caras (Spain),
Mini Golf (Japan) (Alt 1),
Mini Golf (Japan),
Mirai (Japan),未来
Mirai - Future (Japan),
Mississippi Satsujinjiken (Japan),南海道杀人事件
Moai no Hibou (Japan),
Moai no Hibou (Korea),
Mobile Planet Suthirus - Approach from the Westgate (Japan),
Mobile-Suit Gundam - Last Shooting (Japan) (Alt 1),
Mobile-Suit Gundam - Last Shooting (Japan),
Moero!! Nettou Yakyuu '88 (Japan),燃烧!热斗野球88
Mokarimakka (Japan),
Mole (Japan),
Mole Mole 2 (Japan),
Monkey Academy (Japan) (Alt 1),
Monkey Academy (Japan) (Alt 2),
Monkey Academy (Japan) (Alt 3),
Monkey Academy (Japan),
Monmon Kaibutsu (Japan),闷闷怪物
Monster's Fair (Japan),
Moon Landing (Japan),
Moon Patrol (Japan),
Moonsweeper (Japan),
Mopiranger (Japan) (Alt 1),
Mopiranger (Japan) (Alt 2),
Mopiranger (Japan) (Alt 3),
Mopiranger (Japan) (Alt 4),
Mopiranger (Japan),
Morita Kazuo no Othello (Japan),
Mouser (Japan),
Mr. Chin (Japan),
Mr. Do (Japan),
Mr. Do vs Unicorns (Japan),
Mr. Do's Wild Ride (Japan),
Mugen Senshi Valis - The Fantasm Soldier (Japan),
Music Editor (Japan) (Program),
Music Harmonizer 3 (Japan) (Program),
Music Studio G7 (Japan) (Program),
Musiwriter (Japan) (Program),
Nausicaa (Japan),
Nekketsu Juudou (Japan) (Alt),热血柔道
Nekketsu Juudou (Japan),热血柔道
Nemesis 2 (Japan) (Demo),
Nessen Koushiyen (Japan),
New Horizon - English Course 1 (Japan) (Program),
Night Shade (Japan),
Nihon-Shi Nenpyou (Japan) (Program),
Ninja Jajamaru-kun (Japan),
Ninja Princess (Japan) (Alt 1),
Ninja Princess (Japan),
Ninja-kun - Asura no Shou (Japan),忍者君-阿修罗之章
Ninjakun (Japan),
Ninjakun Majou (Japan),
Ninjya Kage (Japan) (Alt 1),
Ninjya Kage (Japan),
Nobunaga no Yabou - Bushou Fuuun Roku (Japan),信长之野望-武将风云录
Nobunaga no Yabou - Sengoku Gunyuuden (Japan),信长之野望-战国群雄传
Nobunaga no Yabou - Zenkoku Ban (Japan),
Nobunaga no Yabou - Zenkoku Ban (Japan),信长之野望-全国版
Nyan Nyan Pro Wrestling (Japan),
Nyorols (Japan),
O'Mac Farmer (Japan),
Ogre (Japan) (Alt),主战坦克
Ogre (Japan),主战坦克
Oil's Well (Japan) (Alt 1),
Oil's Well (Japan),
Okami no Su (Japan),
Othello (Japan),
Ouke no Tani - El Giza no Fuuin (Japan),王家之谷2-埃卢吉扎的封印
Ouke no Tani - El Giza no Fuuin - Edit Contest Yuushuu Sakuhinshuu (Japan),王家之谷2-埃卢吉扎的封印-优秀作品集
Out Run (Japan),户外飚车
Oyoide Tango (Japan),
Pac-Man (Japan) (Alt 1),
Pac-Man (Japan) (Alt 2),
Pac-Man (Japan),
Pac-Mania (Japan),疯狂吃豆
Pachi Com (Japan),
Pachi Pro Densetsu (Japan),柏青哥传说
Pai Panic (Japan),
Pairs (Japan) (Alt 1),
Pairs (Japan),
Panther (Japan),
Parodius (Japan) (Alt 1),
Parodius (Japan),
Pasokon Sakkyokuka (Japan) (Program),
Pass Ball (Japan),
Pastfinder (Japan),
Pay Load (Japan) (Alt 1),
Pay Load (Japan),
Peetan (Japan),
Pegasus (Japan),
Penguin-kun Wars (Japan),
Penguin-kun Wars 2 (Japan) (Alt),投球大赛2
Penguin-kun Wars 2 (Japan),投球大赛2
Pico Pico (Japan),
Picture Puzzle (Japan) (Alt 1),
Picture Puzzle (Japan),
Pillbox (Japan) (Alt 1),
Pillbox (Japan),
Pinball Blaster (Europe),
Pine Applin (Japan) (Alt 1),
Pine Applin (Japan),
Pingball Maker (Japan),
Pinky Chase (Japan),
Pipi (Japan),
Pippols (Japan) (Alt 1),
Pippols (Japan) (Alt 2),
Pippols (Japan) (Alt 3),
Pippols (Japan),
Pitfall II - Lost Caverns (Japan) (Alt 1),
Pitfall II - Lost Caverns (Japan),
Pitfall! (Japan) (Alt 1),
Pitfall! (Japan) (Alt 2),
Pitfall! (Japan),
Play Ball (Japan),
Poiny X Senryosakusen - Operation Thanksgiving (Japan),
Pooyan (Japan),
Poppaq the Fish (Japan),
Predator (Japan),铁血战士
Pro Yakyuu Family Stadium - Pennant Race (Japan),家庭棒球
Pro Yakyuu Fan - Telenet Stadium (Japan),职业棒球迷
Professional Baseball (Japan),
Professional Mahjong (Japan),
Professional Mahjong Gokuu (Japan),麻雀悟空
Project A2 - Shijousaidai no Hyouteki (Japan),A计划2-史上最大目标
Psychedelia (Europe) (Program),
Psychic War - Cosmic Soldier 2 (Japan),
Puzzle Panic (Japan),
Pyramid Warp (Japan),
Q-bert (Japan) (Alt 1),
Q-bert (Japan),
Quarth (Japan) (Demo),射击方块
Quarth (Japan) (Wii U Virtual Console),射击方块
Quarth (Korea),射击方块
Queen's Golf (Japan) (Alt 1),
Queen's Golf (Japan) (Alt 2),
Queen's Golf (Japan),
Quinpl (Japan),钉木小子
R-Type (Japan) (Alt 1),
R-Type (Japan) (Alt 2),
R-Type (Japan),
Raid on Bungeling Bay (Japan),
Rally-X (Japan) (Alt 1),
Rally-X (Japan) (Alt 2),
Rally-X (Japan),
Rambo (Japan) (Alt 1),
Rambo (Japan) (Alt 2),
Rambo (Japan) (Alt 3),
Rambo (Japan),
Rastan Saga (Japan),拉斯坦传奇
Real Tennis (Japan),
Red Zone (Japan) (Alt 1),
Red Zone (Japan),
Relics (Japan),
Relics (Japan),暗黑要塞
Renju & Ojama Dogs (Japan),
Replicart (Japan),贪食龙
Return of Jelda (Japan),杰尔达回归
Rick to Mick no Daibouken (Japan),瑞奇与麦克的大冒险
Rise Out from Dungeons (Japan) (Alt 1),
Rise Out from Dungeons (Japan),
River Raid (Japan) (Alt 1),
River Raid (Japan),
Road Fighter (Japan) (Alt 1),
Road Fighter (Japan),
Robo Wres 2001 (Japan),
Robofrog (Japan) (Alt 1),
Robofrog (Japan),
Rock'n Bolt (Japan),
Roger Rubbish (Europe) (Alt 1),
Roger Rubbish (Europe),
Roller Ball (Japan) (Alt 1),
Roller Ball (Japan),
Rotors (Japan),
Royal Blood (Japan),皇室血裔
Salamander (Japan),
Sangokushi (Japan) (Alt 1),
Sangokushi (Japan),
Sangokushi (Japan),三国志
Sangokushi II (Japan),三国志2
Sasa (Japan) (Alt 1),
Sasa (Japan),
Saurus Land (Japan),
Scarlet 7 - The Mightiest Women (Japan),
Scion (Japan),
Scope On - Fight in Space (Japan),
Scramble Eggs (Japan),
Scramble Formation (Japan),轰炸东京
Sea Hunter (Europe),
Seikima II Special - Akuma no Gyakushuu (Japan) (Alt),圣饥魔2-恶魔之逆袭
Seikima II Special - Akuma no Gyakushuu (Japan),圣饥魔2-恶魔之逆袭
Senjo no Ookami (Japan),
Senjyo (Japan) (Alt 1),
Senjyo (Japan),
Sewer Sam (Japan),
Shanghai (Japan),上海
Shiryou Sensen - War of the Dead (Japan),死灵战线
Shougi (Japan),
Shougi 2 (Japan),
Shougi Game (Japan),
Shougi Meijin (Japan),
Shougi Sinan 1 (Japan),
Shout Match (Japan),
Simple ASM 1.0 (Japan) (Program),
Sinbad (Japan),
Skooter (Japan) (Alt 1),
Skooter (Japan),
Sky Galdo (Japan),
Sky Jaguar (Japan),
Slapshot (Spain),
Snake It (Europe),
Sofia (Japan),
Soukoban (Japan) (Alt 1),
Soukoban (Japan) (Alt 2),
Soukoban (Japan),
Space Camp (Japan) (Alt 1),
Space Camp (Japan),
Space Invaders (Japan),
Space Manbow (Japan) (Wii U Virtual Console),太空曼波
Space Maze Attack (Japan) (Alt 1),
Space Maze Attack (Japan) (Alt 2),
Space Maze Attack (Japan),
Space Trouble (Japan),
Space Walk (Europe),
Sparkie (Japan) (Alt 1),
Sparkie (Japan),
Spelunker (Japan) (Alt 1),
Spelunker (Japan),
Spread Sheet (Europe) (Program),
Spy vs Spy II - The Island Caper (Europe),
Square Dancer (Japan),
Squish'em (Japan) (Alt 1),
Squish'em (Japan),
Star Blazer (Japan) (Alt 1),
Star Blazer (Japan) (Alt 2),
Star Blazer (Japan),
Star Command (Japan),
Star Force (Japan) (Alt 1),
Star Force (Japan),
Star Soldier (Japan) (Alt 1),
Star Soldier (Japan),
Star Trap (Japan),
Star Virgin (Japan) (Alt),星际女战士
Star Virgin (Japan),星际女战士
Starship Simulator (Japan) (Alt 1),
Starship Simulator (Japan),
Step Up (Japan) (Alt 1),
Step Up (Japan),
Stepper (Japan),
Strange Loop (Japan),
Strategic Mars (Japan),火星战略
Suikoden - Tenmei no Chikai (Japan),水浒传-天命之誓
Suparobo (Japan),
Super Billiards (Japan),
Super Bioman 4 (Korea) (Unl),
Super Boy 3 (Korea) (Unl),
Super Boy I (Korea) (Unl),
Super Boy II (Korea) (Unl),
Super Bubble Bobble (Korea) (Unl),
Super Cobra (Japan) (Alt 1),
Super Cobra (Japan),
Super Columns (Japan),
Super Cross Force (Europe),
Super Daisenryaku (Japan),超级大战略
Super Drinker (Japan),
Super Golf (Japan),
Super Laydock - Mission Striker (Japan),
Super Load Runner (Japan),超级淘金者
Super Monitor (Japan) (v1.1) (Program),
Super Monitor (Japan) (v1.2) (Program),
Super Pachinko (Japan),
Super Pierrot (Japan),
Super Rambo Special (Japan),超级兰博-特别版
Super Runner (Japan),超级赛跑
Super Snake (Japan) (Alt 1),
Super Snake (Japan) (Alt 2),
Super Snake (Japan),
Super Soccer (Japan),
Super Synth (Japan) (Program) (Alt 1),
Super Synth (Japan) (Program),
Super Tennis (Japan),
Super Tripper (Spain),
Super Tritorn (Japan),超级奇顿
Sweet Acorn (Japan) (Alt 1),
Sweet Acorn (Japan),
Swing (Japan) (Alt 1),
Swing (Japan),
Synthe Saurus (Japan) (Program),音乐合成器
Syougun (Japan),
TZR - Grand Prix Rider (Japan),
Taiyou no Shinden - Asteka II (Japan),太阳神殿
Tanikawa Hiroshi no Shougi Shinan 2 (Japan),将棋指南2
Tank Battalion (Japan),
Tatica (Japan),
Tawara-kun (Japan) (Alt 1),
Tawara-kun (Japan) (Alt 2),
Tawara-kun (Japan),
Tear of Nile (Japan),
Teitoku no Ketsudan (Japan),提督之决断
Telebunnie (Japan) (Alt 1),
Telebunnie (Japan),
Tengoku Yoitoko (Japan),天国物语
Tensai Rabbian Daifunsen (Japan),
Tensidachino Gogo (Japan),
Tension (Spain),
Tetra Horror (Japan) (Alt 1),
Tetra Horror (Japan),
Tetris (Japan),俄罗斯方块
Tetris (Korea) (Unl),
Tetsuman (Japan) (Alt 1),
Tetsuman (Japan),
Thexder (Japan) (Alt 1),
Thexder (Japan) (Alt 2),
Thexder (Japan),
Thunder Ball (Japan) (Alt 1),
Thunder Ball (Japan),
Thunderbolt (Japan) (Alt 1),
Thunderbolt (Japan) (Alt 2),
Thunderbolt (Japan),
Time Pilot (Japan) (Alt 1),
Time Pilot (Japan),
Toobin (Europe),
Top Roller! (Japan),
Topple Zip (Japan),
Topple Zip (Japan),飞天大战
Track & Field 1 (Europe),
Track & Field 2 (Europe),
Traffic (Japan) (Alt 1),
Traffic (Japan),
Treasure of the Usas (Japan) (Wii U Virtual Console),友萨斯
Trial Ski (Japan),
Trick Boy (Japan),
Tritorn (Japan),
Trumpaid (Japan),
Tsurikichi Sanpei - Blue Marine Hen (Japan),钓鱼迷三平-布鲁玛琳编
Tsurikichi Sanpei - Tsuri Sennin Hen (Japan),钓鱼迷三平-钓鱼仙人编
Tumego 120 (Japan),
Turboat (Japan),
Turmoil (Japan) (Alt 1),
Twin Bee (Japan) (Alt 1),
Twin Bee (Japan) (Alt 2),
Twin Bee (Japan) (Alt 3),
Twin Bee (Japan),
Twin Hammer (Europe),
Ultima Exodus (Japan),创世纪
Ultraman (Japan),
Urusei Yatsura - Koi no Survival Birthday (Japan),福星小子
Vaxol - Heavy Armed Storm Vehicle (Japan),
Venus Fire (Japan),
Victorious Nine II - Koukou Yakyuu Hen (Japan),胜利九人棒球2-高校野球编
Video Hustler (Japan) (Alt 1),
Video Hustler (Japan),
Volguard (Japan),
Warp & Warp (Japan),
Warroid (Japan) (Alt 1),
Warroid (Japan),
Water Driver (Japan),
Wing Man 2 (Japan),
Wizardry (Japan),辟邪除妖
Wonder Boy (Japan) (Alt 1),
Wonder Boy (Japan),
Woody Poco (Japan) (Alt),乌迪帕克
Woody Poco (Japan),乌迪帕克
Wrangler (Spain),
Xevious - Fardraut Saga (Japan) (Alt),铁板阵-法佐特传说
Xevious - Fardraut Saga (Japan),铁板阵-法佐特传说
Xyxolog (Japan) (Alt 1),
Xyxolog (Japan),
Yab Yum (Netherlands),
Yaksa (Japan),夜叉
Yamaha Play Card System (Japan) (Program),
Yamamura Misa Suspense - Kyoto Ryuu no Tera Satsujinjiken (Japan),山村美纱侦探-京都龙之寺杀人事件
Yellow Submarine (Japan),
Yie Ar Kung-Fu (Japan) (Alt 1),
Yie Ar Kung-Fu (Japan),
Yie Ar Kung-Fu II - The Emperor Yie-Gah (Japan) (Alt 1),
Yie Ar Kung-Fu II - The Emperor Yie-Gah (Japan) (Alt 2),
Yie Ar Kung-Fu II - The Emperor Yie-Gah (Japan),
Yokai Tanken Chimachima (Japan),
Young Sherlock - The Legacy of Doyle (Japan),
Yuurei-kun (Japan),幽灵君
Zaider - Battle of Peguss (Japan) (Alt 1),
Zaider - Battle of Peguss (Japan),
Zanac (Japan) (Alt 1),
Zanac (Japan) (v2) (Alt 1),
Zanac (Japan) (v2),
Zanac (Japan),
Zanac Ex (Japan) (Alt),银河战机EX
Zanac Ex (Japan),银河战机EX
Zaxxon (Japan) (Alt 1),
Zaxxon (Japan),
Zen (Europe) (Program),
Zenji (Japan) (Alt 1),
Zenji (Japan),
Zexas Limited (Japan) (Alt 1),
Zexas Limited (Japan) (Alt 2),
Zexas Limited (Japan),
Zoids - Chuuou Tairiku no Tatakai (Japan),中央大陆战记
Zombie Hunter (Japan),蛇神猎手
Zoom 909 (Japan),
Zukkoke Yajikita Onmitsu Douchuu (Japan) (Alt),胡闹野次来了-隐密道中
Zukkoke Yajikita Onmitsu Douchuu (Japan),胡闹野次来了-隐密道中
