Name EN,Name CN
1943 Kai (Japan),1943改 - 中途岛海战
21 Emon - Mezase! Hotel Ou (Japan),旅馆王
Adventure Island (Japan),冒险岛
Aero Blasters (Japan) (En),疾风战机
Aero Blasters (USA),疾风战机
After Burner II (Japan) (En),冲破火网2
Air Zonk (USA),空中射击
"Air Zonk (USA, Europe) (Wii U Virtual Console)",空中射击
Alien Crush (USA),异形弹珠台
Alien Crush (Japan) (En),异形弹珠台
All Star Power League (Japan),全明星棒球联盟
Andre Panza Kick Boxing (USA),泰国拳击
Ankoku Densetsu (Japan),暗黑传说
Aoi Blink (Japan),青笊裨
Appare! Gateball (Japan),槌球大赛
Armed F (Japan) (En),F武装战机
Artist Tool (Japan),绘图工具
Atomic Robo-Kid Special (Japan) (En),原子机械童
AV Poker - World Gambler (Japan) (Unl),AV扑克牌
Ballistix (Japan) (En),妖魔传
Ballistix (USA),妖魔传
Bari Bari Densetsu (Japan),爆走传说
Barunba (Japan),巴伦巴战机
Batman (Japan) (En),蝙蝠侠
Battle Lode Runner (Japan) (En),超级挖金战斗
Battle Royale (USA),甜品对战
Be Ball (Japan),太极球
Be Ball (Hong Kong) (Ja) (Unl),太极球
Benkei Gaiden (Japan),牟庆外传
Benkei Gaiden (Japan) (Wii Virtual Console),牟庆外传
Bikkuriman World (Japan),比卡鲁超人世界
Blazing Lazers (USA),燃烧空战
Blazing Lazers (World) (Wii U Virtual Console),燃烧空战
Blodia (Japan) (En),迷魂阵
Bloody Wolf (USA),血狼
Bodycon Quest II - Kyuseishu (Japan) (Unl),美女外传2
Bomberman (USA),炸弹人
Bomberman (Japan) (En),炸弹人
Bomberman (USA) (Bomberman Collection),炸弹人
Bomberman - Users Battle (Japan),炸弹人格斗
Bomberman '93 (Japan),炸弹人'93
Bomberman '93 (USA),炸弹人'93
"Bomberman '93 (USA, Europe) (Wii U Virtual Console)",炸弹人'93
Bomberman '93 (Japan) (Wii U Virtual Console),炸弹人'93
Bomberman '93 - Special Version (Japan),炸弹人'93 - 特别版
Bomberman '94 (Japan),炸弹人'94
Bomberman '94 (World) (Ja) (Wii U Virtual Console),炸弹人'94
Bonk 3 - Bonk's Big Adventure (USA),PC原人大冒险
"Bonk 3 - Bonk's Big Adventure (USA, Europe) (Wii U Virtual Console)",PC原人大冒险
Bonk's Adventure (USA),PC原人冒险记
"Bonk's Adventure (USA, Europe) (Wii U Virtual Console)",PC原人冒险记
Bonk's Revenge (USA),PC原人复仇记
Bonk's Revenge (USA) (Alt 2),PC原人复仇记
"Bonk's Revenge (USA, Europe) (Wii U Virtual Console)",PC原人复仇记
Bonk's Revenge (USA) (Alt),PC原人复仇记
Bouken Danshaku Don - The Lost Sunheart (Japan),冒险男爵
Boxyboy (USA),仓库番
Bravoman (USA),超绝伦人
Break In (Japan) (En),花式撞球
Bubblegum Crash! (Japan),吹波糖危机
Bull Fight - Ring no Hasha (Japan),拳王争霸
Burning Angels (Japan),燃烧天使
Cadash (USA),卡达叙传说
Cadash (Japan),卡达叙传说
Champion Wrestler (Japan) (En),疯狂摔角
Champions Forever Boxing (USA),霸王拳击
Chase H.Q. (USA),追踪HQ
Chew-Man-Fu (USA),太极球
Chibi Maruko-chan - Quiz de Piihyara (Japan),小丸子机智问答
Chikudenya Toubei - Kubikiri Yakata Yori (Japan),逐电屋藤兵卫
China Warrior (USA),中国功夫 - 李小龙
Chou Zetsurinjin Bravoman (Japan),超绝伦人
Circus Lido (Japan) (En),泡泡虫
City Hunter (Japan),城市猎人
Columns (Japan),宝石方块
Coryoon (Japan),顽皮龙
Cratermaze (USA),机器猫
Cross Wiber - Cyber Combat Police (Japan) (En),武装战斗刑事
Cyber Core (Japan) (En),战斗生命体
Cyber Cross (Japan),武装刑事
Cyber Dodge (Japan) (En),战斗躲避球
Cyber Knight (Japan),武装骑士
Cyber-Core (USA),战斗生命体
Daichi-kun Crisis - Do Natural (Japan),幻之大地
Daisenpuu (Japan) (En),大旋风
Darius Alpha (Japan) (En) (SG Enhanced),太空战斗机Alpha
Darius Alpha (World) (SG Enhanced) (Darius Cozmic Collection),太空战斗机Alpha
Darius Plus (Japan) (En) (SG Enhanced),太空战斗机Plus
Darkwing Duck (USA),黑翼鸭
Davis Cup Tennis (USA),Davis杯网球
Dead Moon (USA),死亡之月
Dead Moon - Getsu Sekai no Akumu (Japan) (En),死亡之月
Deep Blue (USA),海底神话
Deep Blue - Kaitei Shinwa (Japan) (En),海底神话
Detana!! TwinBee (Japan),出击！兵蜂
Devil Crash - Naxat Pinball (Japan) (En),恶魔弹珠台
Devil Crash - Naxat Pinball (Japan) (En) (Wii U Virtual Console),恶魔弹珠台
Devil's Crush (USA),恶魔弹珠台
"Devil's Crush (USA, Europe) (Wii U Virtual Console)",恶魔弹珠台
Die Hard (Japan),终极警探
Digital Champ - Battle Boxing (Japan),真实拳击
Don Doko Don! (Japan),木匠兄弟
Doraemon - Meikyuu Daisakusen (Japan),哆啦A梦 - 迷宫大作战
Doraemon - Nobita no Dorabian Night (Japan),哆啦A梦 - 阿拉伯之夜
Double Dungeons (USA),双龙战记
Double Dungeons (Japan),双龙战记
"Double Dungeons (USA, Europe) (Wii U Virtual Console)",双龙战记
Double Dungeons (Japan) (Wii U Virtual Console),双龙战记
Down Load (Japan),电脑骑士
Dragon Egg! (Japan),恐龙女战士
Dragon Saber (Japan) (En),龙魂2
Dragon Spirit (Japan) (En),龙魂
Dragon Spirit (USA),龙魂
Dragon's Curse (USA),龙之咒
Drop Off (USA),水果方块
Drop Rock Hora Hora (Japan) (En),打水果
Dungeon Explorer (Japan),魔洞战记
Dungeon Explorer (USA),魔洞战记
Dungeons & Dragons - Order of the Griffon (USA),龙与地下城 - 狮鹫骑士团
Energy (Japan),艾吉娜
Eternal City - Toshi Tensou Keikaku (Japan),永恒城市
F-1 Dream (Japan),F1之梦
F-1 Pilot - You're King of Kings (Japan),F1飞行员
F1 Circus (Japan),F1竞技场
F1 Circus '91 (Japan),F1竞技场'91
F1 Circus '92 (Japan),F1竞技场'92
F1 Triple Battle (Japan) (En),F1大赛车
Falcon (USA),鹰式战机
Fantasy Zone (USA),幻想空间
Fantasy Zone (Japan) (En),幻想空间
Fantasy Zone (Japan) (En) (PC Engine Mini),幻想空间
Fighting Run (Japan),铁甲威龙
Final Blaster (Japan) (En),凤凰战机
Final Lap Twin (Japan),终极赛车
Final Lap Twin (USA),终极赛车
Final Match Tennis (Japan),终极网球
Final Soldier (Japan) (En),最终战机
Final Soldier (World) (Wii U Virtual Console),最终战机
Final Soldier - Special Version (Japan) (En),最终战机 - 限时版
Fire Pro Wrestling - 2nd Bout (Japan),热血摔角2
Fire Pro Wrestling - Combination Tag (Japan),热血摔角1
Fire Pro Wrestling 3 - Legend Bout (Japan),热血摔角3
Formation Soccer - Human Cup '90 (Japan) (En),休曼杯足球'90
Formation Soccer - On J.League (Japan),休曼J联盟足球
Fushigi no Yume no Alice (Japan),爱丽丝梦游仙境
Gai Flame (Japan),炎之大地
Gai Flame (Japan) (Wii U Virtual Console),炎之大地
Gaia no Monshou (Japan),大地纹章
Galaga '88 (Japan) (En),小蜜蜂'88
Galaga '90 (USA),小蜜蜂'90
Galaga '90 (Hong Kong) (En) (Unl),小蜜蜂'90
Ganbare! Golf Boys (Japan),高尔夫少年
Gekisha Boy (Japan),激写小子
Genji Tsuushin Agedama (Japan),通讯少年
Genpei Toumaden (Japan),源平讨魔传
Genpei Toumaden - Kan no Ni (Japan),源平讨魔传2
Ghost Manor (USA),幽魂领地
Gokuraku! Chuuka Taisen (Japan),极乐！中华大仙
Gomola Speed (Japan) (En),毛毛虫
Gradius (Japan) (En),宇宙巡航机
Gradius (World) (Wii U Virtual Console),宇宙巡航机
Gradius (Japan) (PC Engine Mini),宇宙巡航机
Gunboat (USA),激战炮艇
Gunhed (Japan) (En),机甲战士
Gunhed - Special Version (Japan) (En),机甲战士 - 特别版
Hana Taaka Daka! (Japan),射击天狗
Hanii in the Sky (Japan),空中甜心
Hanii on the Road (Japan),路上甜心
Hatris (Japan) (En),帽子方块
Heavy Unit (Japan) (En),机动劲旅
Hisou Kihei X-SERD (Japan),飞装骑兵
Hit the Ice - VHL - The Official Video Hockey League (USA),冰上曲棍球
Hit the Ice - VHL - The Video Hockey League (Japan) (En),冰上曲棍球
Honoo no Toukyuuji - Dodge Danpei (Japan),斗球儿弹平
Hyper Dyne - SideArms (Japan) (En),绝对合体
Hyper Dyne - SideArms (Hong Kong) (En) (Unl),绝对合体
Idol Hanafuda Fan Club (Japan) (Unl),美少女麻雀
ImageFight (Japan) (En),幻影战机
Impossamole (USA),浣熊超人
J.J. & Jeff (USA),杰克高尔夫-18洞
J.League Greatest Eleven (Japan),J联盟足球赛
Jack Nicklaus' Greatest 18 Holes of Major Championship Golf (Japan) (En),杰克高尔夫-加强版
Jack Nicklaus' Turbo Golf (USA),成龙功夫
Jackie Chan (Japan),成龙功夫
Jackie Chan's Action Kung Fu (USA),邪圣剑
Jaseiken Necromancer (Japan),邪圣剑
Jaseiken Necromancer (Japan) (Wii Virtual Console),邪圣剑
Jaseiken Necromancer (World) (Ja) (Wii U Virtual Console),邪圣剑
Jigoku Meguri (Japan),地狱小和尚
Jinmu Denshou (Japan),神武传承
Juuouki (Japan),兽王记
Kaizou Choujin Shubibinman (Japan),改造超人
Kaizou Choujin Shubibinman 2 - Aratanaru Teki (Japan),改造超人2
Kato-chan Ken-chan (Japan),爆笑人
Kattobi! Takuhai-kun (Japan),暴躁快递
Keith Courage in Alpha Zones (USA),希腊斗士基斯
KickBall (Japan),场式足球
Kiki Kaikai (Japan) (En),奇奇怪界
King of Casino (USA),赌场之王
King of Casino (Japan),赌场之王
Klax (Japan),立体方块
Klax (USA),立体方块
Knight Rider Special (Japan),霹雳游侠
Kore ga Pro Yakyuu '89 (Japan),职业棒球'89
Kore ga Pro Yakyuu '90 (Japan),职业棒球'90
"Kung Fu, The (Japan)",功夫
"Kung Fu, The (Japan) (Wii Virtual Console)",功夫
Kyuukyoku Mahjong - Idol Graphic (Japan) (Unl),究极麻雀
Kyuukyoku Mahjong II - Super Idol Graphic (Japan) (Unl),究极麻雀2
Kyuukyoku Tiger (Japan) (En),究极虎
Lady Sword - Ryakudatsu Sareta 10-nin no Otome (Japan) (Unl),美少女之剑
Legend of Hero Tonma (USA),汤姆历险记
Legend of Hero Tonma (Japan),汤姆历险记
Legendary Axe II (USA),泡泡小子
"Legendary Axe, The (USA)",战斧传说
Lode Runner - Lost Labyrinth (Japan),淘金者 - 失落的迷宫
Maerchen Maze (Japan),爱丽丝梦游仙境 2
Magical Chase (Japan),小魔女
Magical Chase (USA),小魔女
Mahjong Gakuen - Touma Soushirou Toujou (Japan),麻雀学园
Mahjong Gakuen Mild - Touma Soushirou Toujou (Japan),麻雀学园东间风四郎
Mahjong Gokuu Special (Japan),麻雀悟空天竺特别版
Mahjong Haouden - Kaiser's Quest (Japan),麻雀霸王传
Mahjong Shikaku Retsuden - Mahjong Wars (Japan),麻雀战争
Maison Ikkoku (Japan),相聚一刻
Makai Hakkenden - Shada (Japan),魔界八犬传
Makai Prince Dorabocchan (Japan),魔界王子
Makyou Densetsu (Japan),魔境传说
Maniac Pro Wres - Asu e no Tatakai (Japan),明日之星摔角
Mashin Eiyuuden Wataru (Japan),魔神英雄传
Mesopotamia (Japan),弹弓怪
Metal Stoker (Japan) (En),铁甲战车
Military Madness (USA),疯狂军队
Mizubaku Daibouken (Japan),河马大冒险
Momotarou Densetsu Gaiden - Dai-1-shuu (Japan),桃太郎传说外传
Momotarou Densetsu II (Japan),桃太郎传说2
Momotarou Densetsu Turbo (Japan),桃太郎传说加强版
Momotarou Katsugeki (Japan),桃太郎活剧
Monster Pro Wres (Japan),怪兽摔角
Morita Shougi PC (Japan),森田将棋
Moto Roader (USA),未来赛车
Moto Roader (Japan) (En),未来赛车
Moto Roader II (Japan) (En),未来赛车2
Mr. Heli no Daibouken (Japan),Heli先生
Narazumono Sentou Butai - Bloody Wolf (Japan),血腥风暴
Naxat Open (Japan),Naxat公开赛
Naxat Stadium (Japan),Naxat棒球
Naxat Stadium (Hong Kong) (Ja) (Unl),Naxat棒球
Nazo no Mascarade (Japan),化妆舞会之谜
Necros no Yousai (Japan),尼克罗斯要塞
Nectaris (Japan),太空模拟战
Nekketsu Koukou Dodgeball-bu - PC Bangai Hen (Japan),热血躲避球
Nekketsu Koukou Dodgeball-bu - PC Soccer Hen (Japan),热血足球
Neutopia (USA),世界冒险记
"Neutopia (USA, Europe) (Wii U Virtual Console)",世界冒险记
Neutopia - Frey no Shou (Japan),世界冒险记
Neutopia - Frey no Shou (Japan) (Wii U Virtual Console),世界冒险记
Neutopia II (USA),世界冒险记2
Neutopia II (Japan),世界冒险记2
"Neutopia II (USA, Europe) (Wii U Virtual Console)",世界冒险记2
Neutopia II (Japan) (Wii U Virtual Console),世界冒险记2
New Adventure Island (USA),新冒险岛
"New Adventure Island (USA, Europe) (Wii U Virtual Console)",新冒险岛
"NewZealand Story, The (Japan) (En)",纽西兰故事
NHK Taiga Drama - Taiheiki (Japan),暗夜生物
Night Creatures (USA),暗夜生物
"Ninja Ryuuken Den (Japan) (En,Ja,Zh)",忍者龙剑传
Ninja Spirit (USA),最后的忍道
"Ninja Spirit (USA, Europe) (Wii U Virtual Console)",最后的忍道
"Ninjawarriors, The (Japan)",忍者战士
Obocchama-kun (Japan),少爷历险
Off the Wall (USA) (Proto),弹壁球
Okaasan to Issho - Niko Niko Pun (Japan),树熊历险记
Operation Wolf (Japan),乌兹冲锋枪
Ordyne (Japan),欧坦救美
Ordyne (USA),欧坦救美
Out Live (Japan),疯狂赛车
OutRun (Japan) (En),户外大飙车
Override (Japan) (En),超空战机
P-47 - The Freedom Fighter (Japan) (En),P-47 - 自由战士
Pac-Land (USA),小精灵
Pac-Land (Japan) (En),小精灵
Pachio-kun - Juuban Shoubu (Japan),柏青哥
Paranoia (Japan) (En),异次元战机
Parasol Stars - The Story of Bubble Bobble III (Japan) (En),彩虹岛
Parasol Stars - The Story of Bubble Bobble III (USA),彩虹岛
Parodius Da! - Shinwa kara Owarai e (Japan) (En),疯狂大射击
PC Denjin - Punkic Cyborgs (Japan),PC电人
PC Denjin - Punkic Cyborgs (Japan) (Beta),PC电人
PC Denjin - Punkic Cyborgs (Japan) (Wii U Virtual Console),PC电人
PC Genjin - Pithecanthropus Computerurus (Japan),PC原人
PC Genjin - Pithecanthropus Computerurus (Japan) (Wii U Virtual Console),PC原人
PC Genjin 2 - Pithecanthropus Computerurus (Japan),PC原人2
PC Genjin 2 - Pithecanthropus Computerurus (Japan) (Wii Virtual Console),PC原人2
PC Genjin 2 - Pithecanthropus Computerurus (Japan) (Wii U Virtual Console),PC原人2
PC Genjin 3 - Pithecanthropus Computerurus (Japan),PC原人3
PC Genjin 3 - Pithecanthropus Computerurus (Japan) (Sample),PC原人3
PC Genjin 3 - Pithecanthropus Computerurus (Japan) (Wii U Virtual Console),PC原人3
PC Pachi-Slot - Idol Gambler (Japan) (Unl),水果盘
Populous (Japan) (En),都市计画
Power Drift (Japan) (En),超级赛车
Power Eleven (Japan),超级足球
Power Gate (Japan),超级高尔夫-狭路
Power Golf (USA),超级高尔夫
Power Golf (Japan) (En),超级高尔夫
Power League (Japan),超级棒球联盟
Power League '93 (Japan),超级棒球联盟'93
Power League 4 (Japan),超级棒球联盟4
Power League 5 (Japan),超级棒球联盟5
Power League II (Japan),超级棒球联盟2
Power League III (Japan),超级棒球联盟3
Power Sports (Japan),超级运动员
Power Sports (Japan) (Wii U Virtual Console),超级运动员
Power Tennis (Japan),超级网球
Pro Tennis - World Court (Japan),世界网球公开赛
Pro Yakyuu World Stadium (Japan),世界网球
Pro Yakyuu World Stadium '91 (Japan),世界网球'91
Psycho Chaser (Japan) (En),闪灵悍将
Psychosis (USA),闪灵悍将
Puzzle Boy (Japan),解谜小子
Puzznic (Japan) (En),迷魂方块
Quiz Toukou Shashin (Japan) (Unl),写真机智问答
R-Type (USA),异形战机
R-Type I (Japan) (En),异形战机
R-Type I (Hong Kong) (En) (Unl),异形战机
R-Type II (Japan) (En) (V1.1),异形战机2
R-Type II (Japan) (En),异形战机2
R-Type II (Hong Kong) (En) (Unl),异形战机2
Rabio Lepus Special (Japan),罗比
Racing Damashii (Japan),摩托车大赛
Raiden (Japan) (En),雷电
Raiden (USA),雷电
Rastan Saga II (Japan) (En),王者之剑2
Rock-On (Japan),苍穹秘火
Ryuukyuu (Japan),琉球
S.C.I. - Special Criminal Investigation (Japan),追踪刑警
Sadakichi Seven - Hideyoshi no Ougon (Japan),秀吉之黄金
Saigo no Nindou - Ninja Spirit (Japan),最后的忍道
Saigo no Nindou - Ninja Spirit (Japan) (Wii U Virtual Console),最后的忍道
Salamander (Japan) (En),沙罗曼蛇
Salamander (World) (Wii U Virtual Console),沙罗曼蛇
Salamander (Japan) (PC Engine Mini),沙罗曼蛇
Samurai-Ghost (USA),源平讨魔传
Sekigahara (Japan),关原之役
Sengoku Mahjong (Japan),战国麻雀
Shanghai (Japan),上海
Shinobi (Japan),忍
Shiryou Sensen - War of the Dead (Japan),死灵战线
Shockman (USA),改造超人
Shougi Shodan Icchokusen (Japan),将棋-初段一直线
Shougi Shoshinsha Muyou (Japan),将棋-初心者无用
SideArms (USA),绝对合体
Silent Debuggers (Japan),宇宙警备队
Silent Debuggers (USA),宇宙警备队
Sindibad - Chitei no Daimakyuu (Japan),地底大魔宫
Sinistron (USA),激烈战斗
Skweek (Japan) (En),毛球历险记
Soldier Blade (USA),刀锋战机
Soldier Blade (Japan) (En),刀锋战机
"Soldier Blade (USA, Europe) (Wii U Virtual Console)",刀锋战机
Soldier Blade (Japan) (En) (Wii U Virtual Console),刀锋战机
Soldier Blade - Special Version (Japan) (En),刀锋战机 - 特别版
Somer Assault (USA),以牙还牙
Son Son II (Japan),西游记2
Sonic Spike - World Championship Beach Volleyball (USA),海滩排球
Soukoban World (Japan),仓库番
Space Harrier (Japan) (En),太空哈利
Space Harrier (USA),太空哈利
Space Invaders - Fukkatsu no Hi (Japan),太空入侵者
Spin Pair (Japan) (En),钻石方块
Spiral Wave (Japan),旋风任务
Splatterhouse (Japan) (En),鬼屋
Splatterhouse (USA),鬼屋
Stratego (Japan),开心蘋果棋
Street Fighter II' - Champion Edition (Japan),快打旋风2
Strip Fighter II (Japan) (Unl),女子快打2
Super Metal Crusher (Japan) (En),超级金属杀手
Super Momotarou Dentetsu (Japan) (Alt),桃太郎电铁
Super Momotarou Dentetsu (Japan),桃太郎电铁
Super Momotarou Dentetsu II (Japan),桃太郎电铁2
Super Star Soldier (Japan),超级星际战士
Super Star Soldier (USA),超级星际战士
"Super Star Soldier (USA, Europe) (Wii U Virtual Console)",超级星际战士
Super Star Soldier (Japan) (Wii U Virtual Console),超级星际战士
Super Volley Ball (Japan),超级排球
Super Volleyball (USA),超级排球
Susanoou Densetsu (Japan),凄狂传说
Taito Chase H.Q. (Japan),追踪HQ
Takahashi Meijin no Shin Bouken-jima (Japan) (En),高桥名人之大冒险岛
Takahashi Meijin no Shin Bouken-jima (Japan) (En) (Wii U Virtual Console),高桥名人之大冒险岛
Takeda Shingen (Japan),武田信玄
Takin' It to the Hoop (USA),美国篮球
TaleSpin (USA),泰瑞熊
Tatsujin (Japan) (En),宇宙达人
Tatsujin (Japan) (En) (Beta),宇宙达人
Tatsunoko Fighter (Japan),龙之子
Ten no Koe Bank (Japan),天之声
Tenseiryuu - Saint Dragon (Japan) (En),天圣龙
Terra Cresta II - Mandoler no Gyakushuu (Japan) (En),神鹰一号2 - 曼德勒的反击
Thunder Blade (Japan) (En),战斗直升机
Tiger Road (USA),虎之道
Time Cruise (USA),弹珠台
Time Cruise II (Japan) (En),弹珠台2
Timeball (USA),时光球
Titan (Japan) (En),泰坦球
Toilet Kids (Japan),马桶小子
Tora e no Michi (Japan),虎之道
"Tower of Druaga, The (Japan)",龙之塔
Toy Shop Boys (Japan) (En),玩具小子
Tricky (Japan),动物金头脑
Tricky Kick (USA),动物金头脑
Tsuppari Oozumou - Heisei Ban (Japan),平成大相扑
Tsuru Teruhito no Jissen Kabushiki Bai Bai Game (Japan),都留照人之实战
Turrican (USA),外星悍将
TV Sports Baseball (USA) (Proto),TV运动棒球
TV Sports Basketball (USA),实况篮球
TV Sports Basketball (Japan),实况篮球
TV Sports Football (USA),实况橄榄球
TV Sports Football (Japan),实况橄榄球
TV Sports Hockey (USA),实况冰上曲棍球
TV Sports Hockey (Japan) (En),实况冰上曲棍球
USA Pro Basketball (Japan),美国篮球
Valkyrie no Densetsu (Japan),女武神传说
Veigues - Tactical Gladiator (USA),机甲战士
Veigues - Tactical Gladiator (Japan) (En),机甲战士
Victory Run (USA),胜利赛车
"Victory Run (USA, Europe) (Wii U Virtual Console)",胜利赛车
"Victory Run - Eikou no 13,000km (Japan) (En)","13,000公里赛车"
"Victory Run - Eikou no 13,000km (Japan) (En) (Wii U Virtual Console)","13,000公里赛车"
Vigilante (Japan) (En),义警
Vigilante (USA),义警
Violent Soldier (Japan) (En),激烈战斗
Volfied (Japan) (En),异形天蚕变
W-Ring - The Double Rings (Japan) (En),宇宙双鹰
Wai Wai Mahjong - Yukai na Janyuu-tachi (Japan),哇哇麻雀
Wallaby!! (Japan),小袋鼠
Wallaby!! (Japan) (Wii U Virtual Console),小袋鼠
Winning Shot (Japan),胜利高尔夫
Wonder Momo (Japan),少女舞台
World Beach Volley (Japan) (En),世界排球
World Circuit (Japan),世界赛车
"World Class Baseball (USA, Europe) (Wii Virtual Console)",世界棒球
World Class Baseball (USA),世界棒球
World Court Tennis (USA),世界网球
World Jockey (Japan),世界赛马
World Sports Competition (USA),超级运动员
"World Sports Competition (USA, Europe) (Wii U Virtual Console)",超级运动员
Xevious - Fardraut Densetsu (Japan),超级铁板阵
Yo' Bro (USA),Yo兄弟
You-You Jinsei (Japan),游游人生
Youkai Douchuuki (Japan),妖怪道中记
Zero4 Champ (Japan),优胜者
Zero4 Champ (Japan) (V1.5),优胜者
Zipang (Japan) (En),所罗门之钥
1941 - Counter Attack (Japan),1941 - 反击战
Aldynes - The Misson Code for Rage Crisis (Japan) (En),霹雳风云
Battle Ace (Japan) (En),皇牌战机
Daimakaimura (Japan) (En),大魔界村
Madou King Granzort (Japan) (En),魔动王 - 光能使者
